"conf/icra/FagioliniBB09"	"Dynamic distributed intrusion detection for secure multi-robot systems."	"ICRA"	"2009"	"https://doi.org/10.1109/ROBOT.2009.5152608"	""
"conf/icra/ReedPCP04"	"Initial Studies in Human-robot-human Interaction: Fitts' Law for two People."	"ICRA"	"2004"	"https://doi.org/10.1109/ROBOT.2004.1307410"	""
"conf/icra/RichbourgRZM87"	"Solving global two-dimensional routing problems using snell's law and a search."	"ICRA"	"1987"	"https://doi.org/10.1109/ROBOT.1987.1087800"	""
"conf/icra/Tanako95"	"Impact of Multimedia Technology on Society and Industry."	"ICRA"	"1995"	"https://doi.org/10.1109/ROBOT.1995.525253"	""
"conf/icra/GaoZW03"	"Improvement of product sustainability."	"ICRA"	"2003"	"https://doi.org/10.1109/ROBOT.2003.1242139"	""
"conf/icra/ChengYLH01"	"The Development of Holonic Information Coordination Systems with Security Considerations and Error-Recovery Capabilities."	"ICRA"	"2001"	"https://doi.org/10.1109/ROBOT.2001.932875"	""
"conf/icra/NonakaIAM04"	"Evaluation of Human Sense of Security for Coexisting Robots using Virtual Reality. 1st Report: Evaluation of Pick and Place Motion of Humanoid Robots."	"ICRA"	"2004"	"https://doi.org/10.1109/ROBOT.2004.1307480"	""
"conf/icra/SaitohTSOM95"	"A Mobile Robot Testbed with Manipulator for Security Guard Application."	"ICRA"	"1995"	"https://doi.org/10.1109/ROBOT.1995.525637"	""
"conf/icra/TomatisTPBBAS03"	"Designing a secure and robust mobile interacting robot for the long term."	"ICRA"	"2003"	"https://doi.org/10.1109/ROBOT.2003.1242256"	""
"conf/icra/OatesMWKG09"	"The implementation of a novel, bio-inspired, robotic security system."	"ICRA"	"2009"	"https://doi.org/10.1109/ROBOT.2009.5152392"	""
"conf/icra/ShimAP17"	"An intervening ethical governor for a robot mediator in patient-caregiver relationship: Implementation and evaluation."	"ICRA"	"2017"	"https://doi.org/10.1109/ICRA.2017.7989340"	""
"conf/icra/ChoudharyCNRCD16"	"Distributed trajectory estimation with privacy and communication constraints: A two-stage distributed Gauss-Seidel approach."	"ICRA"	"2016"	"https://doi.org/10.1109/ICRA.2016.7487736"	""
"conf/aaaifs/Ventura09"	"Emotions: a Bridge Between Nature and Society?"	"AAAI Fall Symposium: Biologically Inspired Cognitive Architectures"	"2009"	"http://aaai.org/ocs/index.php/FSS/FSS09/paper/view/866"	""
"conf/aaaifs/AndersonA08"	"ETHEL: Toward a Principled Ethical Eldercare System."	"AAAI Fall Symposium: AI in Eldercare: New Solutions to Old Problems"	"2008"	"http://www.aaai.org/Library/Symposia/Fall/2008/fs08-02-002.php"	""
"conf/aaaifs/ParkK08"	"Privacy-Preserving Recognition of Activities in Daily Living from Multi-view Silhouettes and RFID-based Training."	"AAAI Fall Symposium: AI in Eldercare: New Solutions to Old Problems"	"2008"	"http://www.aaai.org/Library/Symposia/Fall/2008/fs08-02-012.php"	""
"conf/aaaifs/NguyenTJBMT12"	"Security Games on Social Networks."	"AAAI Fall Symposium: Social Networks and Social Contagion"	"2012"	"http://www.aaai.org/ocs/index.php/FSS/FSS12/paper/view/5502"	""
"conf/aaaifs/Kruijff11"	"Using Doctrines for Human-Robot Collaboration to Guide Ethical Behavior."	"AAAI Fall Symposium: Robot-Human Teamwork in Dynamic Adverse Environment"	"2011"	"http://www.aaai.org/ocs/index.php/FSS/FSS11/paper/view/4160"	""
"conf/aaaifs/Waser08"	"Discovering the Foundations of a Universal System of Ethics as a Road to Safe Artificial Intelligence."	"AAAI Fall Symposium: Biologically Inspired Cognitive Architectures"	"2008"	"http://www.aaai.org/Library/Symposia/Fall/2008/fs08-04-049.php"	""
"conf/aaaifs/Bramson10"	"Formal Measures of Dynamical Properties: Robustness and Sustainability."	"AAAI Fall Symposium: Complex Adaptive Systems"	"2010"	"http://www.aaai.org/ocs/index.php/FSS/FSS10/paper/view/2203"	""
"conf/aaaifs/Waser09"	"A Safe Ethical System for Intelligent Machines."	"AAAI Fall Symposium: Biologically Inspired Cognitive Architectures"	"2009"	"http://aaai.org/ocs/index.php/FSS/FSS09/paper/view/934"	""
"conf/aaaifs/DAmato09"	"Evolution of International Law: Two Thresholds, Maybe a Third."	"AAAI Fall Symposium: Complex Adaptive Systems and the Threshold Effect"	"2009"	"http://aaai.org/ocs/index.php/FSS/FSS09/paper/view/988"	""
"conf/aaai/AndersonAA06"	"MedEthEx: A Prototype Medical Ethics Advisor."	"AAAI"	"2006"	"http://www.aaai.org/Library/AAAI/2006/aaai06-292.php"	""
"conf/aaai/PitaJOPTWPK08"	"ARMOR Security for Los Angeles International Airport."	"AAAI"	"2008"	"http://www.aaai.org/Library/AAAI/2008/aaai08-331.php"	""
"conf/aaai/ZhengSM17"	"When to Reset Your Keys: Optimal Timing of Security Updates via Learning."	"AAAI"	"2017"	"http://aaai.org/ocs/index.php/AAAI/AAAI17/paper/view/14978"	""
"conf/aaai/WeldE94"	"The First Law of Robotics (A Call to Arms)."	"AAAI"	"1994"	"http://www.aaai.org/Library/AAAI/1994/aaai94-160.php"	""
"conf/aaai/ImbermanMO17"	"Creating Serious Robots That Improve Society."	"AAAI"	"2017"	"http://aaai.org/ocs/index.php/AAAI/AAAI17/paper/view/14546"	""
"conf/aaai/AndersonA15"	"Toward Ensuring Ethical Behavior from Autonomous Systems: A Case-Supported Principle-Based Paradigm."	"AAAI Workshop: AI and Ethics"	"2015"	"http://aaai.org/ocs/index.php/WS/AAAIW15/paper/view/9976"	""
"conf/aaai/GhoshdastidarD13"	"On Power-Law Kernels, Corresponding Reproducing Kernel Hilbert Space and Applications."	"AAAI"	"2013"	"http://www.aaai.org/ocs/index.php/AAAI/AAAI13/paper/view/6146"	""
"conf/aaai/BistarelliFO04"	"Detecting and Eliminating the Cascade Vulnerability Problem from Multilevel Security Networks Using Soft Constraints."	"AAAI"	"2004"	""	""
"conf/aaai/ParuchuriPMTOK08"	"Efficient Algorithms to Solve Bayesian Stackelberg Games for Security Applications."	"AAAI"	"2008"	"http://www.aaai.org/Library/AAAI/2008/aaai08-262.php"	""
"conf/aaai/SilberbergT96"	"The NASA Personnel Security Processing Expert System."	"AAAI/IAAI, Vol. 2"	"1996"	"http://www.aaai.org/Library/IAAI/1996/iaai96-281.php"	""
"conf/aaai/Goel15"	"Biologically Inspired Design: A New Paradigm for AI Research on Computational Sustainability?"	"AAAI Workshop: Computational Sustainability"	"2015"	"http://aaai.org/ocs/index.php/WS/AAAIW15/paper/view/10205"	""
"conf/aaai/TsaiYKKKT10"	"Urban Security: Game-Theoretic Resource Allocation in Networked Domains."	"AAAI"	"2010"	"http://www.aaai.org/ocs/index.php/AAAI/AAAI10/paper/view/1701"	""
"conf/aaai/WangLS17"	"Non-Additive Security Games."	"AAAI"	"2017"	"http://aaai.org/ocs/index.php/AAAI/AAAI17/paper/view/14375"	""
"conf/aaai/YiWJ14"	"Privacy and Regression Model Preserved Learning."	"AAAI"	"2014"	"http://www.aaai.org/ocs/index.php/AAAI/AAAI14/paper/view/8658"	""
"conf/aaai/TongeC16"	"Image Privacy Prediction Using Deep Features."	"AAAI"	"2016"	"http://www.aaai.org/ocs/index.php/AAAI/AAAI16/paper/view/12109"	""
"conf/aaai/Bruninghaus94"	"DANIEL: Integrating Case-Based and Rule-Based Reasoning in Law."	"AAAI"	"1994"	"http://www.aaai.org/Library/AAAI/1994/aaai94-222.php"	""
"conf/aaai/AbelML16"	"Reinforcement Learning as a Framework for Ethical Decision Making."	"AAAI Workshop: AI, Ethics, and Society"	"2016"	"http://www.aaai.org/ocs/index.php/WS/AAAIW16/paper/view/12582"	""
"conf/aaai/KrauseH08"	"A Utility-Theoretic Approach to Privacy and Personalization."	"AAAI"	"2008"	"http://www.aaai.org/Library/AAAI/2008/aaai08-187.php"	""
"conf/aaai/Kagal02"	"An Agent Approach to Security in Pervasive Environments."	"AAAI/IAAI"	"2002"	"http://www.aaai.org/Library/AAAI/2002/aaai02-162.php"	""
"conf/aaai/LisyDB16"	"Counterfactual Regret Minimization in Sequential Security Games."	"AAAI"	"2016"	"http://www.aaai.org/ocs/index.php/AAAI/AAAI16/paper/view/12469"	""
"conf/aaai/CollartGFT15"	"Human-Robot Systems Facing Ethical Conflicts: A Preliminary Experimental Protocol."	"AAAI Workshop: AI and Ethics"	"2015"	"http://aaai.org/ocs/index.php/WS/AAAIW15/paper/view/10120"	""
"conf/aaai/NguyenYATB14"	"Regret-Based Optimization and Preference Elicitation for Stackelberg Security Games with Uncertainty."	"AAAI"	"2014"	"http://www.aaai.org/ocs/index.php/AAAI/AAAI14/paper/view/8346"	""
"conf/aaai/McCarthyTKGK16"	"Preventing Illegal Logging: Simultaneous Optimization of Resource Teams and Tactics for Security."	"AAAI"	"2016"	"http://www.aaai.org/ocs/index.php/AAAI/AAAI16/paper/view/12160"	""
"conf/aaai/KorzhykCP10"	"Complexity of Computing Optimal Stackelberg Strategies in Security Resource Allocation Games."	"AAAI"	"2010"	"http://www.aaai.org/ocs/index.php/AAAI/AAAI10/paper/view/1870"	""
"conf/aaai/DuLPKCP15"	"Toward Social Media Opinion Mining for Sustainability Research."	"AAAI Workshop: Computational Sustainability"	"2015"	"http://aaai.org/ocs/index.php/WS/AAAIW15/paper/view/10146"	""
"conf/aaai/Phan0WD16"	"Differential Privacy Preservation for Deep Auto-Encoders: an Application of Human Behavior Prediction."	"AAAI"	"2016"	"http://www.aaai.org/ocs/index.php/AAAI/AAAI16/paper/view/12174"	""
"conf/aaai/RyooRFY17"	"Privacy-Preserving Human Activity Recognition from Extreme Low Resolution."	"AAAI"	"2017"	"http://aaai.org/ocs/index.php/AAAI/AAAI17/paper/view/14847"	""
"conf/aaai/ZhangRD16"	"On the Differential Privacy of Bayesian Inference."	"AAAI"	"2016"	"http://www.aaai.org/ocs/index.php/AAAI/AAAI16/paper/view/12129"	""
"conf/aaai/Halpern08"	"From Qualitative to Quantitative Proofs of Security Properties Using First-Order Conditional Logic."	"AAAI"	"2008"	"http://www.aaai.org/Library/AAAI/2008/aaai08-072.php"	""
"conf/aaai/DehghaniTFK08"	"An Integrated Reasoning Approach to Moral Decision-Making."	"AAAI"	"2008"	"http://www.aaai.org/Library/AAAI/2008/aaai08-203.php"	""
"conf/aaai/GreeneRTVW16"	"Embedding Ethical Principles in Collective Decision Support Systems."	"AAAI"	"2016"	"http://www.aaai.org/ocs/index.php/AAAI/AAAI16/paper/view/12457"	""
"conf/aaai/Nolan97"	"DISXPERT: A Social Security Disability Screening Expert System."	"AAAI/IAAI"	"1997"	"http://www.aaai.org/Library/IAAI/1997/iaai97-189.php"	""
"conf/aaai/AndersonA14"	"GenEth: A General Ethical Dilemma Analyzer."	"AAAI"	"2014"	"http://www.aaai.org/ocs/index.php/AAAI/AAAI14/paper/view/8308"	""
"conf/aaai/McKayB98"	"Goal and Responsibility Allocation in Sensible Agent-Based Systems."	"AAAI/IAAI"	"1998"	"http://www.aaai.org/Library/AAAI/1998/aaai98-191.php"	""
"conf/aaai/ShiehAYTBDMM12"	"PROTECT: An Application of Computational Game Theory for the Security of the Ports of the United States."	"AAAI"	"2012"	"http://www.aaai.org/ocs/index.php/AAAI/AAAI12/paper/view/4949"	""
"conf/aaai/ShalabyZ15"	"SustaInno: Toward a Searchable Repository of Sustainability Innovations."	"AAAI Workshop: AI for Cities"	"2015"	"http://aaai.org/ocs/index.php/WS/AAAIW15/paper/view/10063"	""
"conf/aaai/AndersonBCDGKKMMNPRSSTUUW04"	"Intelligent Systems Demonstration: The Secure Wireless Agent Testbed (SWAT)."	"AAAI"	"2004"	"http://www.aaai.org/Library/AAAI/2004/aaai04-150.php"	""
"conf/aaai/TsaiNT12"	"Security Games for Controlling Contagion."	"AAAI"	"2012"	"http://www.aaai.org/ocs/index.php/AAAI/AAAI12/paper/view/5014"	""
"conf/aaai/WuLBWT16"	"SAPE: A System for Situation-Aware Public Security Evaluation."	"AAAI"	"2016"	"http://www.aaai.org/ocs/index.php/AAAI/AAAI16/paper/view/11901"	""
"conf/aaai/YinJTO11"	"Risk-Averse Strategies for Security Games with Execution and Observational Uncertainty."	"AAAI"	"2011"	"http://www.aaai.org/ocs/index.php/AAAI/AAAI11/paper/view/3426"	""
"conf/aaai/GrauK16"	"Logical Foundations of Privacy-Preserving Publishing of Linked Data."	"AAAI"	"2016"	"http://www.aaai.org/ocs/index.php/AAAI/AAAI16/paper/view/12253"	""
"conf/aaai/TranKJ016"	"Privacy-CNH: A Framework to Detect Photo Privacy with Convolutional Neural Network using Hierarchical Features."	"AAAI"	"2016"	"http://www.aaai.org/ocs/index.php/AAAI/AAAI16/paper/view/12232"	""
"conf/aaai/Conitzer12"	"Computing Game-Theoretic Solutions and Applications to Security."	"AAAI"	"2012"	"http://www.aaai.org/ocs/index.php/AAAI/AAAI12/paper/view/5149"	""
"conf/aaai/BelloniBBBBCCEG15"	"Dealing with Ethical Conflicts in Autonomous Agents and Multi-Agent Systems."	"AAAI Workshop: AI and Ethics"	"2015"	"http://aaai.org/ocs/index.php/WS/AAAIW15/paper/view/10109"	""
"conf/aaai/BasilicoG11"	"Automated Abstractions for Patrolling Security Games."	"AAAI"	"2011"	"http://www.aaai.org/ocs/index.php/AAAI/AAAI11/paper/view/3574"	""
"conf/aaai/XuFJCDT14"	"Solving Zero-Sum Security Games in Discretized Spatio-Temporal Domains."	"AAAI"	"2014"	"http://www.aaai.org/ocs/index.php/AAAI/AAAI14/paper/view/8250"	""
"conf/aaai/StockGP16"	"Ethical Dilemmas for Adaptive Persuasion Systems."	"AAAI"	"2016"	"http://www.aaai.org/ocs/index.php/AAAI/AAAI16/paper/view/12349"	""
"conf/aaai/NaghizadehL16"	"Inter-Temporal Incentives in Security Information Sharing Agreements."	"AAAI Workshop: Artificial Intelligence for Cyber Security"	"2016"	"http://www.aaai.org/ocs/index.php/WS/AAAIW16/paper/view/12610"	""
"conf/aaai/AnTOSK11"	"Refinement of Strong Stackelberg Equilibria in Security Games."	"AAAI"	"2011"	"http://www.aaai.org/ocs/index.php/AAAI/AAAI11/paper/view/3461"	""
"conf/aaai/JainKKOT10"	"Security Games with Arbitrary Schedules: A Branch and Price Approach."	"AAAI"	"2010"	"http://www.aaai.org/ocs/index.php/AAAI/AAAI10/paper/view/1698"	""
"conf/aaai/JenningsM92"	"Using Joint Responsibility to Coordinate Collaborative Problem Solving in Dynamic Environments."	"AAAI"	"1992"	"http://www.aaai.org/Library/AAAI/1992/aaai92-042.php"	""
"conf/aaai/LiuP16"	"Local Search for Hard SAT Formulas: The Strength of the Polynomial Law."	"AAAI"	"2016"	"http://www.aaai.org/ocs/index.php/AAAI/AAAI16/paper/view/12551"	""
"conf/aaai/Kokciyan16"	"Privacy Management in Agent-Based Social Networks."	"AAAI"	"2016"	"http://www.aaai.org/ocs/index.php/AAAI/AAAI16/paper/view/12003"	""
"conf/aaai/GanAVG17"	"Security Games on a Plane."	"AAAI"	"2017"	"http://aaai.org/ocs/index.php/AAAI/AAAI17/paper/view/14942"	""
"conf/aaai/ZhangLJ14"	"k-CoRating: Filling Up Data to Obtain Privacy and Utility."	"AAAI"	"2014"	"http://www.aaai.org/ocs/index.php/AAAI/AAAI14/paper/view/8489"	""
"conf/aaai/Hunter15"	"On Keeping Secrets: Intelligent Agents and the Ethics of Information Hiding."	"AAAI Workshop: AI and Ethics"	"2015"	"http://aaai.org/ocs/index.php/WS/AAAIW15/paper/view/10076"	""
"conf/aaai/SinglaHKW14"	"Stochastic Privacy."	"AAAI"	"2014"	"http://www.aaai.org/ocs/index.php/AAAI/AAAI14/paper/view/8599"	""
"conf/aaai/Kuipers16"	"Human-Like Morality and Ethics for Robots."	"AAAI Workshop: AI, Ethics, and Society"	"2016"	"http://www.aaai.org/ocs/index.php/WS/AAAIW16/paper/view/12581"	""
"conf/aaai/BasilicoNG16"	"A Security Game Combining Patrolling and Alarm-Triggered Responses Under Spatial and Detection Uncertainties."	"AAAI"	"2016"	"http://www.aaai.org/ocs/index.php/AAAI/AAAI16/paper/view/11904"	""
"conf/aaai/DennisFW15"	"Towards Verifiably Ethical Robot Behaviour."	"AAAI Workshop: AI and Ethics"	"2015"	"http://aaai.org/ocs/index.php/WS/AAAIW15/paper/view/10119"	""
"conf/aaai/NguyenST16"	"Conquering Adversary Behavioral Uncertainty in Security Games: An Efficient Modeling Robust Based Algorithm."	"AAAI"	"2016"	"http://www.aaai.org/ocs/index.php/AAAI/AAAI16/paper/view/12477"	""
"conf/aaai/GanAV15"	"Security Games with Protection Externalities."	"AAAI"	"2015"	"http://www.aaai.org/ocs/index.php/AAAI/AAAI15/paper/view/9883"	""
"conf/aaai/ShepardMFWCGJHLWLL05"	"A Knowledge-Based Approach to Network Security: Applying Cyc in the Domain of Network Risk Assessment."	"AAAI"	"2005"	""	""
"conf/aaai/BlassF15"	"Moral Decision-Making by Analogy: Generalizations versus Exemplars."	"AAAI"	"2015"	"http://www.aaai.org/ocs/index.php/AAAI/AAAI15/paper/view/9765"	""
"conf/aaai/GoldsmithB17"	"Why Teaching Ethics to AI Practitioners Is Important."	"AAAI"	"2017"	"http://aaai.org/ocs/index.php/AAAI/AAAI17/paper/view/14271"	""
"conf/aaai/BurtonGM15"	"Teaching AI Ethics Using Science Fiction."	"AAAI Workshop: AI and Ethics"	"2015"	"http://aaai.org/ocs/index.php/WS/AAAIW15/paper/view/10139"	""
"conf/aaai/GreenstadtPT06"	"Analysis of Privacy Loss in Distributed Constraint Optimization."	"AAAI"	"2006"	"http://www.aaai.org/Library/AAAI/2006/aaai06-103.php"	""
"conf/aaai/Fisher17"	"A Selected Summary of AI for Computational Sustainability."	"AAAI"	"2017"	"http://aaai.org/ocs/index.php/AAAI/AAAI17/paper/view/14994"	""
"conf/aaai/AndersonAB16"	"Ensuring Ethical Behavior from Autonomous Systems."	"AAAI Workshop: Artificial Intelligence Applied to Assistive Technologies and Smart Environments"	"2016"	"http://www.aaai.org/ocs/index.php/WS/AAAIW16/paper/view/12555"	""
"conf/aaai/TossouD17"	"Achieving Privacy in the Adversarial Multi-Armed Bandit."	"AAAI"	"2017"	"http://aaai.org/ocs/index.php/AAAI/AAAI17/paper/view/14767"	""
"conf/aaai/FangNPLCASTL16"	"Deploying PAWS: Field Optimization of the Protection Assistant for Wildlife Security."	"AAAI"	"2016"	"http://www.aaai.org/ocs/index.php/IAAI/IAAI16/paper/view/11814"	""
"conf/aaai/Blass16"	"Interactive Learning and Analogical Chaining for Moral and Commonsense Reasoning."	"AAAI"	"2016"	"http://www.aaai.org/ocs/index.php/AAAI/AAAI16/paper/view/12293"	""
"conf/aaai/BurtonGM16"	"Using The Machine Stops for Teaching Ethics in Artificial Intelligence and Computer Science."	"AAAI Workshop: AI, Ethics, and Society"	"2016"	"http://www.aaai.org/ocs/index.php/WS/AAAIW16/paper/view/12623"	""
"conf/aaai/XuRDT15"	"Exploring Information Asymmetry in Two-Stage Security Games."	"AAAI"	"2015"	"http://www.aaai.org/ocs/index.php/AAAI/AAAI15/paper/view/10043"	""
"conf/aaai/XuSCMS17"	"Enhancing the Privacy of Predictors."	"AAAI"	"2017"	"http://aaai.org/ocs/index.php/AAAI/AAAI17/paper/view/14418"	""
"conf/aaai/DamianosPWRDWH02"	"MiTAP, Text and Audio Processing for Bio-Security: A Case Study."	"AAAI/IAAI"	"2002"	"http://www.aaai.org/Library/AAAI/2002/aaai02-121.php"	""
"conf/aaai/Reeves88"	"Ethical Understanding: Recognizing and Using Belief Conflict in Narrative Processing."	"AAAI"	"1988"	"http://www.aaai.org/Library/AAAI/1988/aaai88-041.php"	""
"conf/aaai/ErdogduFM15"	"Privacy-Utility Trade-Off for Time-Series with Application to Smart-Meter Data."	"AAAI Workshop: Computational Sustainability"	"2015"	"http://aaai.org/ocs/index.php/WS/AAAIW15/paper/view/10193"	""
"conf/aaai/NguyenYAKT13"	"Analyzing the Effectiveness of Adversary Modeling in Security Games."	"AAAI"	"2013"	"http://www.aaai.org/ocs/index.php/AAAI/AAAI13/paper/view/6315"	""
"conf/aaai/LetchfordC13"	"Solving Security Games on Graphs via Marginal Probabilities."	"AAAI"	"2013"	"http://www.aaai.org/ocs/index.php/AAAI/AAAI13/paper/view/6467"	""
"conf/aaai/WilsonLGBLSNA08"	"The Law of Choice and the Decision Not to Decide."	"AAAI"	"2008"	"http://www.aaai.org/Library/IAAI/2008/iaai08-004.php"	""
"conf/aaai/AnKKSSTV12"	"Security Games with Limited Surveillance."	"AAAI"	"2012"	"http://www.aaai.org/ocs/index.php/AAAI/AAAI12/paper/view/4836"	""
"conf/aaai/LinKABS11"	"Comparing Agents' Success against People in Security Domains."	"AAAI"	"2011"	"http://www.aaai.org/ocs/index.php/AAAI/AAAI11/paper/view/3470"	""
"conf/aaai/JainLT12"	"The Deployment-to-Saturation Ratio in Security Games."	"AAAI"	"2012"	"http://www.aaai.org/ocs/index.php/AAAI/AAAI12/paper/view/5154"	""
"conf/aaai/CranshawMS11"	"User-Controllable Learning of Location Privacy Policies With Gaussian Mixture Models."	"AAAI"	"2011"	"http://www.aaai.org/ocs/index.php/AAAI/AAAI11/paper/view/3785"	""
"conf/aaai/ConitzerSBDK17"	"Moral Decision Making Frameworks for Artificial Intelligence."	"AAAI"	"2017"	"http://aaai.org/ocs/index.php/AAAI/AAAI17/paper/view/14651"	""
"conf/iaai/TsudikS90"	"AudES - An Expert System for Security Auditing."	"IAAI"	"1990"	"http://www.aaai.org/Library/IAAI/1990/iaai90-017.php"	""
"conf/iaai/CaiLB10"	"Design Privacy with Analogia Graph."	"IAAI"	"2010"	"http://www.aaai.org/ocs/index.php/IAAI/IAAI10/paper/view/1568"	""
"conf/iaai/WolvertonBHLMRRT03"	"LAW: A Workbench for Approximate Pattern Matching in Relational Data."	"IAAI"	"2003"	"http://www.aaai.org/Library/IAAI/2003/iaai03-020.php"	""
"conf/iaai/SultanikAAKRPSBMM03"	"Secure Mobile Agents on Ad Hoc Wireless Networks."	"IAAI"	"2003"	"http://www.aaai.org/Library/IAAI/2003/iaai03-018.php"	""
"conf/iaai/ChengH09"	"Trading Robustness for Privacy in Decentralized Recommender Systems."	"IAAI"	"2009"	"http://aaai.org/ocs/index.php/IAAI/IAAI09/paper/view/247"	""
"conf/iaai/SartipiP09"	"TinyTermite: A Secure Routing Algorithm on Intel Mote 2 Sensor Network Platform."	"IAAI"	"2009"	"http://aaai.org/ocs/index.php/IAAI/IAAI09/paper/view/235"	""
"conf/iaai/BlytheBSMLSZ11"	"Testing Cyber Security with Simulated Humans."	"IAAI"	"2011"	"http://www.aaai.org/ocs/index.php/IAAI/IAAI-11/paper/view/3560"	""
"conf/icmla/KhanAK13"	"A Comprehension Approach for Formalizing Privacy Rules of HIPAA for Decision Support."	"ICMLA (2)"	"2013"	"https://doi.org/10.1109/ICMLA.2013.154"	""
"conf/icmla/JaynesDVE16"	"Automating ECU Identification for Vehicle Security."	"ICMLA"	"2016"	"https://doi.org/10.1109/ICMLA.2016.0111"	""
"conf/icmla/PolishettyRR16"	"A Next-Generation Secure Cloud-Based Deep Learning License Plate Recognition for Smart Cities."	"ICMLA"	"2016"	"https://doi.org/10.1109/ICMLA.2016.0054"	""
"conf/icmla/Thuraisingham04"	"Data mining for security applications."	"ICMLA"	"2004"	"https://doi.org/10.1109/ICMLA.2004.1383486"	""
"conf/icmla/ArslanYAS16"	"Security Perspective of Biometric Recognition and Machine Learning Techniques."	"ICMLA"	"2016"	"https://doi.org/10.1109/ICMLA.2016.0087"	""
"conf/icmla/GoodmanIMG15"	"Using Bipartite Anomaly Features for Cyber Security Applications."	"ICMLA"	"2015"	"https://doi.org/10.1109/ICMLA.2015.69"	""
"conf/icmla/GeorgeM04"	"Improved quality of interference in multilevel secure knowledge-based systems."	"ICMLA"	"2004"	"https://doi.org/10.1109/ICMLA.2004.1383553"	""
"conf/icmla/SadeghiBSG16"	"Toward Parametric Security Analysis of Machine Learning Based Cyber Forensic Biometric Systems."	"ICMLA"	"2016"	"https://doi.org/10.1109/ICMLA.2016.0110"	""
"conf/icmla/HuLV03"	"Robust Support Vector Machines for Anomaly Detection in Computer Security."	"ICMLA"	"2003"	""	""
"conf/icmla/FrejE15"	"Secure Data Aggregation Model (SDAM) in Wireless Sensor Networks."	"ICMLA"	"2015"	"https://doi.org/10.1109/ICMLA.2015.116"	""
"conf/icmla/ErkalSG15"	"A New Cyber Security Alert System for Twitter."	"ICMLA"	"2015"	"https://doi.org/10.1109/ICMLA.2015.133"	""
"conf/icmla/MathewO12"	"Distributed Privacy Preserving Decision Support System for Predicting Hospitalization Risk in Hospitals with Insufficient Data."	"ICMLA (2)"	"2012"	"https://doi.org/10.1109/ICMLA.2012.180"	""
"conf/icmla/GuntamukkalaDG15"	"A Machine-Learning Based Approach for Measuring the Completeness of Online Privacy Policies."	"ICMLA"	"2015"	"https://doi.org/10.1109/ICMLA.2015.143"	""
"conf/icmla/FaramarziAG16"	"A Privacy-Preserving Solution for the Bipartite Ranking Problem."	"ICMLA"	"2016"	"https://doi.org/10.1109/ICMLA.2016.0067"	""
"conf/icmla/McNeilBICPG13"	"PACE: Pattern Accurate Computationally Efficient Bootstrapping for Timely Discovery of Cyber-security Concepts."	"ICMLA (2)"	"2013"	"https://doi.org/10.1109/ICMLA.2013.106"	""
"conf/icmla/CanbayS15a"	"The Effect of Clustering on Data Privacy."	"ICMLA"	"2015"	"https://doi.org/10.1109/ICMLA.2015.198"	""
"conf/icmla/RandrianasoloP14"	"Q-Learning: From Computer Network Security to Software Security."	"ICMLA"	"2014"	"https://doi.org/10.1109/ICMLA.2014.47"	""
"conf/nips/MekaJD09"	"Matrix Completion from Power-Law Distributed Samples."	"NIPS"	"2009"	"http://papers.nips.cc/paper/3763-matrix-completion-from-power-law-distributed-samples"	""
"conf/nips/HandzelF95"	"The Geometry of Eye Rotations and Listing's Law."	"NIPS"	"1995"	"http://papers.nips.cc/paper/1041-the-geometry-of-eye-rotations-and-listings-law"	""
"conf/nips/DuchiWJ13"	"Local Privacy and Minimax Bounds: Sharp Rates for Probability Estimation."	"NIPS"	"2013"	""	""
"conf/nips/AvidanB06"	"Efficient Methods for Privacy Preserving Face Detection."	"NIPS"	"2006"	"http://papers.nips.cc/paper/3081-efficient-methods-for-privacy-preserving-face-detection"	""
"conf/nips/XieYLZ14"	"Distributed Power-law Graph Computing: Theoretical and Empirical Analysis."	"NIPS"	"2014"	"http://papers.nips.cc/paper/5396-distributed-power-law-graph-computing-theoretical-and-empirical-analysis"	""
"conf/nips/PathakRR10"	"Multiparty Differential Privacy via Aggregation of Locally Trained Classifiers."	"NIPS"	"2010"	"http://papers.nips.cc/paper/4034-multiparty-differential-privacy-via-aggregation-of-locally-trained-classifiers"	""
"conf/nips/LeeJC16"	"Finite-Dimensional BFRY Priors and Variational Bayesian Inference for Power Law Models."	"NIPS"	"2016"	"http://papers.nips.cc/paper/6348-finite-dimensional-bfry-priors-and-variational-bayesian-inference-for-power-law-models"	""
"conf/nips/Golden99"	"Kirchoff Law Markov Fields for Analog Circuit Design."	"NIPS"	"1999"	"http://papers.nips.cc/paper/1744-kirchoff-law-markov-fields-for-analog-circuit-design"	""
"conf/nips/XinJ14"	"Controlling privacy in recommender systems."	"NIPS"	"2014"	"http://papers.nips.cc/paper/5359-controlling-privacy-in-recommender-systems"	""
"conf/nips/WilliamsM10"	"Probabilistic Inference and Differential Privacy."	"NIPS"	"2010"	"http://papers.nips.cc/paper/3897-probabilistic-inference-and-differential-privacy"	""
"conf/nips/TehG09"	"Indian Buffet Processes with Power-law Behavior."	"NIPS"	"2009"	"http://papers.nips.cc/paper/3638-indian-buffet-processes-with-power-law-behavior"	""
"conf/nips/MaozPFW05"	"Noise and the two-thirds power Law."	"NIPS"	"2005"	"http://papers.nips.cc/paper/2874-noise-and-the-two-thirds-power-law"	""
"conf/nips/DuchiJW12"	"Privacy Aware Learning."	"NIPS"	"2012"	"http://papers.nips.cc/paper/4505-privacy-aware-learning"	""
"conf/nips/ChanO14"	"Computing Nash Equilibria in Generalized Interdependent Security Games."	"NIPS"	"2014"	"http://papers.nips.cc/paper/5585-computing-nash-equilibria-in-generalized-interdependent-security-games"	""
"conf/nips/ChaudhuriM08"	"Privacy-preserving logistic regression."	"NIPS"	"2008"	"http://papers.nips.cc/paper/3486-privacy-preserving-logistic-regression"	""
"conf/nips/RogersVRU16"	"Privacy Odometers and Filters: Pay-as-you-Go Composition."	"NIPS"	"2016"	"http://papers.nips.cc/paper/6170-privacy-odometers-and-filters-pay-as-you-go-composition"	""
"conf/nips/GoldwaterGJ05"	"Interpolating between types and tokens by estimating power-law generators."	"NIPS"	"2005"	"http://papers.nips.cc/paper/2941-interpolating-between-types-and-tokens-by-estimating-power-law-generators"	""
"conf/nips/KairouzOV15"	"Secure Multi-party Differential Privacy."	"NIPS"	"2015"	"http://papers.nips.cc/paper/6004-secure-multi-party-differential-privacy"	""
"conf/nips/MinamiASN16"	"Differential Privacy without Sensitivity."	"NIPS"	"2016"	"http://papers.nips.cc/paper/6050-differential-privacy-without-sensitivity"	""
"conf/nips/KearnsTW07"	"Privacy-Preserving Belief Propagation and Sampling."	"NIPS"	"2007"	"http://papers.nips.cc/paper/3302-privacy-preserving-belief-propagation-and-sampling"	""
"conf/nips/KairouzOV14"	"Extremal Mechanisms for Local Differential Privacy."	"NIPS"	"2014"	"http://papers.nips.cc/paper/5392-extremal-mechanisms-for-local-differential-privacy"	""
"conf/nips/KearnsO03"	"Algorithms for Interdependent Security Games."	"NIPS"	"2003"	"http://papers.nips.cc/paper/2495-algorithms-for-interdependent-security-games"	""
"conf/nips/LevinaHG05"	"Dynamical Synapses Give Rise to a Power-Law Distribution of Neuronal Avalanches."	"NIPS"	"2005"	"http://papers.nips.cc/paper/2750-dynamical-synapses-give-rise-to-a-power-law-distribution-of-neuronal-avalanches"	""
"conf/nips/ChklovskiiS02"	"Branching Law for Axons."	"NIPS"	"2002"	"http://papers.nips.cc/paper/2265-branching-law-for-axons"	""
"conf/nips/Kolen93"	"Fool's Gold: Extracting Finite State Machines from Recurrent Network Dynamics."	"NIPS"	"1993"	"http://papers.nips.cc/paper/757-fools-gold-extracting-finite-state-machines-from-recurrent-network-dynamics"	""
"conf/icml/XiaoBBFER15"	"Is Feature Selection Secure against Training Data Poisoning?"	"ICML"	"2015"	"http://jmlr.org/proceedings/papers/v37/xiao15.html"	""
"conf/icml/KairouzBR16"	"Discrete Distribution Estimation under Local Privacy."	"ICML"	"2016"	"http://jmlr.org/proceedings/papers/v48/kairouz16.html"	""
"conf/icml/SakumaKW08"	"Privacy-preserving reinforcement learning."	"ICML"	"2008"	"http://doi.acm.org/10.1145/1390156.1390265"	""
"conf/icml/NockMBN11"	"On tracking portfolios with certainty equivalents on a generalization of Markowitz model: the Fool, the Wise and the Adaptive."	"ICML"	"2011"	""	""
"conf/icml/SakumaA10"	"Online Prediction with Privacy."	"ICML"	"2010"	"http://www.icml2010.org/papers/259.pdf"	""
"conf/icml/AgarwalS17"	"The Price of Differential Privacy for Online Learning."	"ICML"	"2017"	"http://proceedings.mlr.press/v70/agarwal17a.html"	""
"conf/icml/WangFS15"	"Privacy for Free: Posterior Sampling and Stochastic Gradient Monte Carlo."	"ICML"	"2015"	"http://jmlr.org/proceedings/papers/v37/wangg15.html"	""
"conf/icml/LeeHGJC17"	"Bayesian inference on random simple graphs with power law degree distributions."	"ICML"	"2017"	"http://proceedings.mlr.press/v70/lee17a.html"	""
"conf/icml/RubinsteinA17"	"Pain-Free Random Differential Privacy with Sensitivity Sampling."	"ICML"	"2017"	"http://proceedings.mlr.press/v70/rubinstein17a.html"	""
"conf/icml/KairouzOV15"	"The Composition Theorem for Differential Privacy."	"ICML"	"2015"	"http://jmlr.org/proceedings/papers/v37/kairouz15.html"	""
"conf/icml/Schaffer94"	"A Conservation Law for Generalization Performance."	"ICML"	"1994"	""	""
"conf/icml/WashioMN00"	"Enhancing the Plausibility of Law Equation Discovery."	"ICML"	"2000"	""	""
"conf/iros/ZhangM10"	"A decentralized multi-robot system for intruder detection in security defense."	"IROS"	"2010"	"https://doi.org/10.1109/IROS.2010.5652004"	""
"conf/iros/SatoHY04"	"Humane robot system using ontological network."	"IROS"	"2004"	"https://doi.org/10.1109/IROS.2004.1390047"	""
"conf/iros/TreptowCD05"	"Active people recognition using thermal and grey images on a mobile security robot."	"IROS"	"2005"	"https://doi.org/10.1109/IROS.2005.1545530"	""
"conf/iros/Gil-PintoFZ08"	"Wireless communication for secure positioning in multi robot formations of non holonomic ground vehicles."	"IROS"	"2008"	"https://doi.org/10.1109/IROS.2008.4651253"	""
"conf/iros/UedaSA07"	"Design of PZT cellular actuators with power-law strain amplification."	"IROS"	"2007"	"https://doi.org/10.1109/IROS.2007.4399299"	""
"conf/iros/AndreassonML07"	"Has somethong changed here? Autonomous difference detection for security patrol robots."	"IROS"	"2007"	"https://doi.org/10.1109/IROS.2007.4399381"	""
"conf/iros/DieberKRS16"	"Application-level security for ROS-based applications."	"IROS"	"2016"	"https://doi.org/10.1109/IROS.2016.7759659"	""
"conf/iros/HalmeAJKSV96"	"Bacterium Robot Society-A biologically inspired multi-agent concept for internal monitoring and controlling of processes."	"IROS"	"1996"	"https://doi.org/10.1109/IROS.1996.569041"	""
"conf/iros/GreenWGWHKJTK09"	"AWE: A robotic wall and reconfigurable desk supporting working life in a digital society."	"IROS"	"2009"	"https://doi.org/10.1109/IROS.2009.5354331"	""
"conf/iros/LuoLSL05"	"Automatic docking and recharging system for autonomous security robot."	"IROS"	"2005"	"https://doi.org/10.1109/IROS.2005.1545197"	""
"conf/iros/ChenCCGHHKKLLNPPST12"	"Robots for humanity: User-centered design for assistive mobile manipulation."	"IROS"	"2012"	"https://doi.org/10.1109/IROS.2012.6386286"	""
"conf/iros/XydasK00"	"Influence of material properties and fingertip size on the power-law equation for soft fingers."	"IROS"	"2000"	"https://doi.org/10.1109/IROS.2000.893196"	""
"conf/iros/KajiwaraYK89"	"A Security Guard Robot Which Patrols Map Information."	"IROS"	"1989"	"https://doi.org/10.1109/IROS.1989.637950"	""
"conf/iros/CannataM06"	"Implementation of Listing's Law for a Tendon Driven Robot Eye."	"IROS"	"2006"	"https://doi.org/10.1109/IROS.2006.281828"	""
"conf/iros/SchiffMMSG07"	"Respectful cameras: detecting visual markers in real-time to address privacy concerns."	"IROS"	"2007"	"https://doi.org/10.1109/IROS.2007.4399122"	""
"conf/atal/VillatoroS08"	"Categorizing Social Norms in a Simulated Resource Gathering Society."	"COIN@AAMAS&AAAI"	"2008"	"https://doi.org/10.1007/978-3-642-00443-8_16"	""
"conf/atal/JahanbaziFPP15"	"The Role of Knowledge Keepers in an Artificial Primitive Human Society: An Agent-Based Approach."	"COIN@AAMAS/IJCAI"	"2015"	"https://doi.org/10.1007/978-3-319-42691-4_9"	""
"conf/atal/YazdanpanahD15"	"Quantified Degrees of Group Responsibility."	"COIN@AAMAS/IJCAI"	"2015"	"https://doi.org/10.1007/978-3-319-42691-4_23"	""
"conf/atal/TesterinkBD15a"	"Security and Robustness for Collaborative Monitors."	"COIN@AAMAS/IJCAI"	"2015"	"https://doi.org/10.1007/978-3-319-42691-4_21"	""
"conf/aaaiss/CasellasNMRTRC10"	"Ontological Semantics for Data Privacy Compliance: The NEURONA Project."	"AAAI Spring Symposium: Intelligent Information Privacy Management"	"2010"	"http://www.aaai.org/ocs/index.php/SSS/SSS10/paper/view/1071"	""
"conf/aaaiss/Chang10"	"The Distinction between Privacy and Personal Information - Issues of Personal Information Protection Act in Japan."	"AAAI Spring Symposium: Intelligent Information Privacy Management"	"2010"	"http://www.aaai.org/ocs/index.php/SSS/SSS10/paper/view/1052"	""
"conf/aaaiss/Zallone10"	"The Privacy Paradox."	"AAAI Spring Symposium: Intelligent Information Privacy Management"	"2010"	"http://www.aaai.org/ocs/index.php/SSS/SSS10/paper/view/1116"	""
"conf/aaaiss/Janssen05"	"Towards Semantic Integration of Legacy Databases for Homeland Security."	"AAAI Spring Symposium: AI Technologies for Homeland Security"	"2005"	"http://www.aaai.org/Library/Symposia/Spring/2005/ss05-01-031.php"	""
"conf/aaaiss/KiekintveldK12"	"Efficient Approximation for Security Games with Interval Uncertainty."	"AAAI Spring Symposium: Game Theory for Security, Sustainability, and Health"	"2012"	"http://www.aaai.org/ocs/index.php/SSS/SSS12/paper/view/4346"	""
"conf/aaaiss/HoganB10"	"Privacy Classification Systems: Recall and Precision Optimization as Enabler of Trusted Information Sharing."	"AAAI Spring Symposium: Intelligent Information Privacy Management"	"2010"	"http://www.aaai.org/ocs/index.php/SSS/SSS10/paper/view/1198"	""
"conf/aaaiss/WongLLPCJMTXXUS09"	"Predicting the Impact of Climate Change on U.S. Power Grids and Its Wider Implications on National Security."	"AAAI Spring Symposium: Technosocial Predictive Analytics"	"2009"	"http://www.aaai.org/Library/Symposia/Spring/2009/ss09-09-027.php"	""
"conf/aaaiss/Lawless05"	"Homeland Security, Organizations, and Perturbations."	"AAAI Spring Symposium: AI Technologies for Homeland Security"	"2005"	"http://www.aaai.org/Library/Symposia/Spring/2005/ss05-01-021.php"	""
"conf/aaaiss/OzerL10"	"Protecting Reader Privacy in Digital Books."	"AAAI Spring Symposium: Intelligent Information Privacy Management"	"2010"	"http://www.aaai.org/ocs/index.php/SSS/SSS10/paper/view/1041"	""
"conf/aaaiss/Brahmbhatt10"	"Position and Perspective of Privacy Laws in India."	"AAAI Spring Symposium: Intelligent Information Privacy Management"	"2010"	"http://www.aaai.org/ocs/index.php/SSS/SSS10/paper/view/1197"	""
"conf/aaaiss/MaheswaranPVBT05"	"Valuations of Possible States (VPS): A Quantitative Framework for Analysis of Privacy Loss Among Collaborative Personal Assistant Agents."	"AAAI Spring Symposium: Persistent Assistants: Living and Working with AI"	"2005"	"http://www.aaai.org/Library/Symposia/Spring/2005/ss05-05-011.php"	""
"conf/aaaiss/Asay10"	"Consumers: The Missing Piece in a Piecemeal Approach to Privacy."	"AAAI Spring Symposium: Intelligent Information Privacy Management"	"2010"	"http://www.aaai.org/ocs/index.php/SSS/SSS10/paper/view/1149"	""
"conf/aaaiss/BaralGS05"	"Answer Set Programming as the Basis for a Homeland Security QAS."	"AAAI Spring Symposium: AI Technologies for Homeland Security"	"2005"	"http://www.aaai.org/Library/Symposia/Spring/2005/ss05-01-029.php"	""
"conf/aaaiss/KoningsSWK10"	"Towards Territorial Privacy in Smart Environments."	"AAAI Spring Symposium: Intelligent Information Privacy Management"	"2010"	"http://www.aaai.org/ocs/index.php/SSS/SSS10/paper/view/1043"	""
"conf/aaaiss/GnanasambandamS10"	"Personalized Privacy Policies: Challenges for Data Loss Prevention."	"AAAI Spring Symposium: Intelligent Information Privacy Management"	"2010"	"http://www.aaai.org/ocs/index.php/SSS/SSS10/paper/view/1045"	""
"conf/aaaiss/Antonialli10"	"Privacy and International Compliance: When Differences Become an Issue."	"AAAI Spring Symposium: Intelligent Information Privacy Management"	"2010"	"http://www.aaai.org/ocs/index.php/SSS/SSS10/paper/view/1165"	""
"conf/aaaiss/Mayes10"	"Privacy and Transparency."	"AAAI Spring Symposium: Intelligent Information Privacy Management"	"2010"	"http://www.aaai.org/ocs/index.php/SSS/SSS10/paper/view/1066"	""
"conf/aaaiss/OlsonHO11"	"Integration of Sustainability Issues during Early Design Stages in a Global Supply Chain Context."	"AAAI Spring Symposium: Artificial Intelligence and Sustainable Design"	"2011"	"http://www.aaai.org/ocs/index.php/SSS/SSS11/paper/view/2499"	""
"conf/aaaiss/KarglSD10"	"Mandatory Enforcement of Privacy Policies using Trusted Computing Principles."	"AAAI Spring Symposium: Intelligent Information Privacy Management"	"2010"	"http://www.aaai.org/ocs/index.php/SSS/SSS10/paper/view/1049"	""
"conf/aaaiss/KogutK05"	"Cognitive Information Processing Challenges for Homeland Security."	"AAAI Spring Symposium: AI Technologies for Homeland Security"	"2005"	"http://www.aaai.org/Library/Symposia/Spring/2005/ss05-01-025.php"	""
"conf/aaaiss/KangK10"	"Enabling Privacy-Awareness in Social Networks."	"AAAI Spring Symposium: Intelligent Information Privacy Management"	"2010"	"http://www.aaai.org/ocs/index.php/SSS/SSS10/paper/view/1163"	""
"conf/aaaiss/Wang10"	"Protecting Information Privacy on the Internet: Legal Framework in the EU."	"AAAI Spring Symposium: Intelligent Information Privacy Management"	"2010"	"http://www.aaai.org/ocs/index.php/SSS/SSS10/paper/view/1093"	""
"conf/aaaiss/ScherlB05"	"A High-Level Language for Homeland Security Response Plans."	"AAAI Spring Symposium: AI Technologies for Homeland Security"	"2005"	"http://www.aaai.org/Library/Symposia/Spring/2005/ss05-01-028.php"	""
"conf/aaaiss/WilliamsTMWBFD08"	"The ARTSI Alliance: Recruiting Underrepresented Students to Computer Science and Robotics to Improve Society."	"AAAI Spring Symposium: Using AI to Motivate Greater Participation in Computer Science"	"2008"	"http://www.aaai.org/Library/Symposia/Spring/2008/ss08-08-025.php"	""
"conf/aaaiss/ChenW10"	"Modeling Privacy Requirements for Quality Manipulation of Information on Social Networking Sites."	"AAAI Spring Symposium: Intelligent Information Privacy Management"	"2010"	"http://www.aaai.org/ocs/index.php/SSS/SSS10/paper/view/1110"	""
"conf/aaaiss/MaloneITM09"	"Resilience, Climate Change, and Security: Modeling the Connections."	"AAAI Spring Symposium: Technosocial Predictive Analytics"	"2009"	"http://www.aaai.org/Library/Symposia/Spring/2009/ss09-09-015.php"	""
"conf/aaaiss/NigusseD10"	"conf/cse/NigusseDN09 conf/dbsec/VerslypeDNNLV08 Girma Nigusse = Girma Enideg Nigusse Privacy Codes of Practice for the Social Web: The Analysis of Existing Privacy Codes and Emerging Social-Centric Privacy Risks."	"AAAI Spring Symposium: Intelligent Information Privacy Management"	"2010"	"http://www.aaai.org/ocs/index.php/SSS/SSS10/paper/view/1054"	""
"conf/aaaiss/AnJTK11"	"Mixed-Initiative Optimization in Security Games: A Preliminary Report."	"AAAI Spring Symposium: Help Me Help You: Bridging the Gaps in Human-Agent Collaboration"	"2011"	"http://www.aaai.org/ocs/index.php/SSS/SSS11/paper/view/2375"	""
"conf/aaaiss/WeitznerABHHKMSW06"	"Transparent Accountable Data Mining: New Strategies for Privacy Protection."	"AAAI Spring Symposium: Semantic Web Meets eGovernment"	"2006"	"http://www.aaai.org/Library/Symposia/Spring/2006/ss06-06-025.php"	""
"conf/aaaiss/VanekBJLP12"	"Extending Security Games to Defenders with Constrained Mobility."	"AAAI Spring Symposium: Game Theory for Security, Sustainability, and Health"	"2012"	"http://www.aaai.org/ocs/index.php/SSS/SSS12/paper/view/4276"	""
"conf/aaaiss/WatermanMD10"	"Selective Privacy in a Web-Based World: Challenges of Representing and Inferring Context."	"AAAI Spring Symposium: Intelligent Information Privacy Management"	"2010"	"http://www.aaai.org/ocs/index.php/SSS/SSS10/paper/view/1069"	""
"conf/aaaiss/PobletT10"	"Mobile Networks and Conflict Management: Farewell to Privacy?"	"AAAI Spring Symposium: Intelligent Information Privacy Management"	"2010"	"http://www.aaai.org/ocs/index.php/SSS/SSS10/paper/view/1077"	""
"conf/aaaiss/Dolin10"	"Search Query Privacy: The Problem of Anonymization."	"AAAI Spring Symposium: Intelligent Information Privacy Management"	"2010"	"http://www.aaai.org/ocs/index.php/SSS/SSS10/paper/view/1089"	""
"conf/aaaiss/DingKFJPY05"	"On Homeland Security and the Semantic Web: A Provenance and Trust Aware Inference Framework."	"AAAI Spring Symposium: AI Technologies for Homeland Security"	"2005"	"http://www.aaai.org/Library/Symposia/Spring/2005/ss05-01-032.php"	""
"conf/aaaiss/BohmeP10"	"Privacy in Online Social Lending."	"AAAI Spring Symposium: Intelligent Information Privacy Management"	"2010"	"http://www.aaai.org/ocs/index.php/SSS/SSS10/paper/view/1048"	""
"conf/aaaiss/TambeA12a"	"Game Theory for Security: A Real-World Challenge Problem for Multiagent Systems and Beyond."	"AAAI Spring Symposium: Game Theory for Security, Sustainability, and Health"	"2012"	"http://www.aaai.org/ocs/index.php/SSS/SSS12/paper/view/4260"	""
"conf/aaaiss/Roig10"	"Privacy and Social Networks: From Data Protection to Pervasive Computing."	"AAAI Spring Symposium: Intelligent Information Privacy Management"	"2010"	"http://www.aaai.org/ocs/index.php/SSS/SSS10/paper/view/1113"	""
"conf/aaaiss/ErbasSS11"	"Knowledge Based Integration of Sustainability Issues in the (Re)Design Process."	"AAAI Spring Symposium: Artificial Intelligence and Sustainable Design"	"2011"	"http://www.aaai.org/ocs/index.php/SSS/SSS11/paper/view/2478"	""
"conf/aaaiss/Kruijff13"	"Trusting in Human-Robot Teams Given Asymmetric Agency and Social Sentience."	"AAAI Spring Symposium: Trust and Autonomous Systems"	"2013"	"http://www.aaai.org/ocs/index.php/SSS/SSS13/paper/view/5737"	""
"conf/aaaiss/Sprague10"	"Cloud Privacy: Normative Standards for Information Privacy Management Within Cloud Computing."	"AAAI Spring Symposium: Intelligent Information Privacy Management"	"2010"	"http://www.aaai.org/ocs/index.php/SSS/SSS10/paper/view/1039"	""
"conf/aaaiss/Maher12"	"The Role of AI in Wisdom of the Crowds for the Social Construction of Knowledge on Sustainability."	"AAAI Spring Symposium: Wisdom of the Crowd"	"2012"	"http://www.aaai.org/ocs/index.php/SSS/SSS12/paper/view/4343"	""
"conf/aaaiss/SanthanamBH11"	"Identifying Sustainable Designs Using Preferences over Sustainability Attributes."	"AAAI Spring Symposium: Artificial Intelligence and Sustainable Design"	"2011"	"http://www.aaai.org/ocs/index.php/SSS/SSS11/paper/view/2461"	""
"conf/aaaiss/Kim10"	"Wrap Contracts and Privacy."	"AAAI Spring Symposium: Intelligent Information Privacy Management"	"2010"	"http://www.aaai.org/ocs/index.php/SSS/SSS10/paper/view/1057"	""
"conf/aaaiss/Henrotte10"	"Influence of the Internet of Things on Legislation Regarding the Protection of Individual Privacy."	"AAAI Spring Symposium: Intelligent Information Privacy Management"	"2010"	"http://www.aaai.org/ocs/index.php/SSS/SSS10/paper/view/1063"	""
"conf/aaaiss/GleicherH10"	"Geospatial Information Services: Balancing Privacy and Innovation."	"AAAI Spring Symposium: Intelligent Information Privacy Management"	"2010"	"http://www.aaai.org/ocs/index.php/SSS/SSS10/paper/view/1051"	""
"conf/aaaiss/Fass05"	"Small Steps and Giant Leaps toward Homeland Security."	"AAAI Spring Symposium: AI Technologies for Homeland Security"	"2005"	"http://www.aaai.org/Library/Symposia/Spring/2005/ss05-01-020.php"	""
"conf/aaaiss/SoltaniCMTH10"	"Flash Cookies and Privacy."	"AAAI Spring Symposium: Intelligent Information Privacy Management"	"2010"	"http://www.aaai.org/ocs/index.php/SSS/SSS10/paper/view/1070"	""
"conf/aaaiss/WangK10"	"Privacy in Cross-System Personalization."	"AAAI Spring Symposium: Intelligent Information Privacy Management"	"2010"	"http://www.aaai.org/ocs/index.php/SSS/SSS10/paper/view/1059"	""
"conf/aaaiss/Williams09"	"Privacy Management, The Law and Global Business Strategies: A Case for Privacy Driven Design."	"AAAI Spring Symposium: Social Semantic Web: Where Web 2.0 Meets Web 3.0"	"2009"	"http://www.aaai.org/Library/Symposia/Spring/2009/ss09-08-018.php"	""
"conf/aaaiss/Abu-NimehM10"	"Combining Privacy and Security Risk Assessment in Security Quality Requirements Engineering."	"AAAI Spring Symposium: Intelligent Information Privacy Management"	"2010"	"http://www.aaai.org/ocs/index.php/SSS/SSS10/paper/view/1037"	""
"conf/aaaiss/ChowFGS10"	"The Web as a Privacy Lab."	"AAAI Spring Symposium: Intelligent Information Privacy Management"	"2010"	"http://www.aaai.org/ocs/index.php/SSS/SSS10/paper/view/1044"	""
"conf/aaaiss/SweeneyG05"	"Mining Images in Publicly-Available Cameras for Homeland Security."	"AAAI Spring Symposium: AI Technologies for Homeland Security"	"2005"	"http://www.aaai.org/Library/Symposia/Spring/2005/ss05-01-033.php"	""
"conf/aaaiss/MasielloW10"	"Engineering Privacy in an Age of Information Abundance."	"AAAI Spring Symposium: Intelligent Information Privacy Management"	"2010"	"http://www.aaai.org/ocs/index.php/SSS/SSS10/paper/view/1188"	""
"conf/aaaiss/Seshadri10"	"The Problem of Onward Transfers Under U.S. Law."	"AAAI Spring Symposium: Intelligent Information Privacy Management"	"2010"	"http://www.aaai.org/ocs/index.php/SSS/SSS10/paper/view/1101"	""
"conf/aaaiss/Groth09"	"Exposing Privacy Obligation Policies in Social Networking Sites."	"AAAI Spring Symposium: Social Semantic Web: Where Web 2.0 Meets Web 3.0"	"2009"	"http://www.aaai.org/Library/Symposia/Spring/2009/ss09-08-011.php"	""
"conf/aaaiss/AnKKSSTV12"	"Security Games with Limited Surveillance: An Initial Report."	"AAAI Spring Symposium: Game Theory for Security, Sustainability, and Health"	"2012"	"http://www.aaai.org/ocs/index.php/SSS/SSS12/paper/view/4262"	""
"conf/aaaiss/KimK11"	"Design Decision Support System toward Environmental Sustainability in Reusable Medical Equipment."	"AAAI Spring Symposium: Artificial Intelligence and Sustainable Design"	"2011"	"http://www.aaai.org/ocs/index.php/SSS/SSS11/paper/view/2448"	""
"conf/aaaiss/JainLT12"	"A Study of Phase Transitions in Security Games."	"AAAI Spring Symposium: Game Theory for Security, Sustainability, and Health"	"2012"	"http://www.aaai.org/ocs/index.php/SSS/SSS12/paper/view/4363"	""
"conf/aaaiss/Al-Fedaghi10"	"Information Privacy and its Value."	"AAAI Spring Symposium: Intelligent Information Privacy Management"	"2010"	"http://www.aaai.org/ocs/index.php/SSS/SSS10/paper/view/1038"	""
"conf/aaaiss/ParuchuriPTOK07"	"An Efficient Heuristic for Security against Multiple Adversaries in Stackelberg Games."	"AAAI Spring Symposium: Game Theoretic and Decision Theoretic Agents"	"2007"	"http://www.aaai.org/Library/Symposia/Spring/2007/ss07-02-006.php"	""
"conf/ijcai/FangST15"	"When Security Games Go Green: Designing Defender Strategies to Prevent Poaching and Illegal Fishing."	"IJCAI"	"2015"	"http://ijcai.org/Abstract/15/367"	""
"conf/ijcai/TassaZG16"	"Preserving Privacy in Region Optimal DCOP Algorithms."	"IJCAI"	"2016"	"http://www.ijcai.org/Abstract/16/077"	""
"conf/ijcai/MaLL13"	"An Ambiguity Aversion Framework of Security Games under Ambiguities."	"IJCAI"	"2013"	"http://www.aaai.org/ocs/index.php/IJCAI/IJCAI13/paper/view/6850"	""
"conf/ijcai/GuttmannSRQR13"	"On the challenges of balancing privacy and utility of open health data."	"AIIP/Semantic Cities@IJCAI"	"2013"	"http://doi.acm.org/10.1145/2516911.2516916"	""
"conf/ijcai/Willick85"	"Constitutional Law and Artificial Intelligence: The Potential Legal Recognition of Computers as Persons."	"IJCAI"	"1985"	"http://ijcai.org/Proceedings/85-2/Papers/115.pdf"	""
"conf/ijcai/0001S05"	"On Correctness and Privacy in Distributed Mechanisms."	"AMEC@AAMAS/TADA@IJCAI"	"2005"	"https://doi.org/10.1007/11888727_16"	""
"conf/ijcai/MaoG13"	"Modeling Social Causality and Responsibility Judgment in Multi-Agent Interactions: Extended Abstract."	"IJCAI"	"2013"	"http://www.aaai.org/ocs/index.php/IJCAI/IJCAI13/paper/view/7004"	""
"conf/ijcai/DurkotaLBK15"	"Optimal Network Security Hardening Using Attack Graph Games."	"IJCAI"	"2015"	"http://ijcai.org/Abstract/15/080"	""
"conf/ijcai/WashioAM05"	"Discovering Time Differential Law Equations Containing Hidden State Variables and Chaotic Dynamics."	"IJCAI"	"2005"	"http://ijcai.org/Proceedings/05/Papers/post-0049.pdf"	""
"conf/ijcai/ChocklerH03"	"Responsibility and Blame: A Structural-Model Approach."	"IJCAI"	"2003"	"http://ijcai.org/Proceedings/03/Papers/021.pdf"	""
"conf/ijcai/Such17"	"Privacy and Autonomous Systems."	"IJCAI"	"2017"	"https://doi.org/10.24963/ijcai.2017/663"	""
"conf/ijcai/Doyle83"	"A Society of Mind-Multiple Perspectives, Reasoned Assumptions, and Virtual Copies."	"IJCAI"	"1983"	"http://ijcai.org/Proceedings/83-1/Papers/068.pdf"	""
"conf/ijcai/SaitoN97"	"Law Discovery using Neural Networks."	"IJCAI"	"1997"	"http://ijcai.org/Proceedings/97-2/Papers/042.pdf"	""
"conf/ijcai/Dietterich09"	"Machine Learning in Ecosystem Informatics and Sustainability."	"IJCAI"	"2009"	"http://ijcai.org/Proceedings/09/Papers/013.pdf"	""
"conf/ijcai/Pagallo17"	"From Automation to Autonomous Systems: A Legal Phenomenology with Problems of Accountability."	"IJCAI"	"2017"	"https://doi.org/10.24963/ijcai.2017/3"	""
"conf/ijcai/YangKOTJ11"	"Improving Resource Allocation Strategy against Human Adversaries in Security Games."	"IJCAI"	"2011"	"https://doi.org/10.5591/978-1-57735-516-8/IJCAI11-084"	""
"conf/ijcai/KerenGK16"	"Privacy Preserving Plans in Partially Observable Environments."	"IJCAI"	"2016"	"http://www.ijcai.org/Abstract/16/449"	""
"conf/ijcai/PitaTKCS11"	"GUARDS - Innovative Application of Game Theory for National Airport Security."	"IJCAI"	"2011"	"https://doi.org/10.5591/978-1-57735-516-8/IJCAI11-451"	""
"conf/ijcai/0009SW15"	"Regression Model Fitting under Differential Privacy and Model Inversion Attack."	"IJCAI"	"2015"	"http://ijcai.org/Abstract/15/146"	""
"conf/ijcai/Keyzer17"	"Open Rights or Secret Risk Assessments? New Challenges for Public Law in an Age of Artificial Intelligence and the Law."	"LINKDEM@IJCAI"	"2017"	"http://ceur-ws.org/Vol-1897/keynote.pdf"	""
"conf/ijcai/KokciyanY17"	"Context-Based Reasoning on Privacy in Internet of Things."	"IJCAI"	"2017"	"https://doi.org/10.24963/ijcai.2017/660"	""
"conf/ijcai/KorzhykCP11"	"Security Games with Multiple Attacker Resources."	"IJCAI"	"2011"	"https://doi.org/10.5591/978-1-57735-516-8/IJCAI11-056"	""
"conf/ijcai/YangJTO13"	"Scaling-up Security Games with Boundedly Rational Adversaries: A Cutting-plane Approach."	"IJCAI"	"2013"	"http://www.aaai.org/ocs/index.php/IJCAI/IJCAI13/paper/view/6550"	""
"conf/ijcai/WyattCBK07"	"A Privacy-Sensitive Approach to Modeling Multi-Person Conversations."	"IJCAI"	"2007"	"http://ijcai.org/Proceedings/07/Papers/286.pdf"	""
"conf/ijcai/YinXGAJ15"	"Computing Optimal Mixed Strategies for Security Games with Dynamic Payoffs."	"IJCAI"	"2015"	"http://ijcai.org/Abstract/15/102"	""
"conf/ijcai/ZhengDK11"	"Active Graph Reachability Reduction for Network Security and Software Engineering."	"IJCAI"	"2011"	"https://doi.org/10.5591/978-1-57735-516-8/IJCAI11-293"	""
"conf/ijcai/Musliu05"	"Combination of Local Search Strategies for Rotating Workforce Scheduling Problem."	"IJCAI"	"2005"	"http://ijcai.org/Proceedings/05/Papers/post-0448.pdf"	""
"conf/ijcai/ZhongS0C17"	"A Group-Based Personalized Model for Image Privacy Classification and Labeling."	"IJCAI"	"2017"	"https://doi.org/10.24963/ijcai.2017/552"	""
"conf/ijcai/LeauteF11"	"Coordinating Logistics Operations with Privacy Guarantees."	"IJCAI"	"2011"	"https://doi.org/10.5591/978-1-57735-516-8/IJCAI11-413"	""
"conf/ijcai/Becker85"	"Fifth Generation Computer Crime Law."	"IJCAI"	"1985"	"http://ijcai.org/Proceedings/85-2/Papers/116.pdf"	""
"conf/ijcai/PicaultHSE17"	"Enhancing Sustainability of Complex Epidemiological Models through a Generic Multilevel Agent-based Approach."	"IJCAI"	"2017"	"https://doi.org/10.24963/ijcai.2017/53"	""
"conf/ijcai/Thompson85a"	"Empowering Automatic Decision-Making Systems: General Intelligence, Responsibility, and Moral Sensibility."	"IJCAI"	"1985"	"http://ijcai.org/Proceedings/85-2/Papers/118.pdf"	""
"conf/ijcai/KowalskiS85"	"Computer Representation of the Law."	"IJCAI"	"1985"	"http://ijcai.org/Proceedings/85-2/Papers/114.pdf"	""
"conf/ijcai/Boden85"	"Artificial Intelligence and Legal Responsibility."	"IJCAI"	"1985"	"http://ijcai.org/Proceedings/85-2/Papers/113.pdf"	""
"conf/ijcai/SchlenkerXGKSTS17"	"Don't Bury your Head in Warnings: A Game-Theoretic Approach for Intelligent Allocation of Cyber-security Alerts."	"IJCAI"	"2017"	"https://doi.org/10.24963/ijcai.2017/54"	""
"conf/ijcai/FirscheinFCT73"	"Forecasting and Assessing the Impact of Artificial Intelligence on Society."	"IJCAI"	"1973"	"http://ijcai.org/Proceedings/73/Papers/013.pdf"	""
"conf/ijcai/ShiehJJT13"	"Efficiently Solving Joint Activity Based Security Games."	"IJCAI"	"2013"	"http://www.aaai.org/ocs/index.php/IJCAI/IJCAI13/paper/view/6298"	""
"conf/ijcai/LouV15"	"Equilibrium Analysis of Multi-Defender Security Games."	"IJCAI"	"2015"	"http://ijcai.org/Abstract/15/090"	""
"conf/ijcai/Mine85"	"Fault Diagnosis Through Responsibility."	"IJCAI"	"1985"	"http://ijcai.org/Proceedings/85-1/Papers/082.pdf"	""
"conf/ijcai/An17"	"Game Theoretic Analysis of Security and Sustainability."	"IJCAI"	"2017"	"https://doi.org/10.24963/ijcai.2017/732"	""
"conf/ijcai/IwasawaNYM17"	"Privacy Issues Regarding the Application of DNNs to Activity-Recognition using Wearables and Its Countermeasures by Use of Adversarial Training."	"IJCAI"	"2017"	"https://doi.org/10.24963/ijcai.2017/268"	""
"conf/ijcai/RazgonM05"	"CSP Search with Responsibility Sets and Kernels."	"IJCAI"	"2005"	"http://ijcai.org/Proceedings/05/Papers/post-0120.pdf"	""
"conf/ijcai/TorreT99"	"Rights, Duties and Commitments between Agents."	"IJCAI"	"1999"	"http://ijcai.org/Proceedings/99-2/Papers/081.pdf"	""
"conf/ijcai/XuJSRDT15"	"Security Games with Information Leakage: Modeling and Computation."	"IJCAI"	"2015"	"http://ijcai.org/Abstract/15/101"	""
"conf/ijcai/MaCM05"	"Knowledge Based Approach for Mechanically Verifying Security Protocols."	"IJCAI"	"2005"	"http://ijcai.org/Proceedings/05/Papers/post-0344.pdf"	""
"conf/ijcai/HaghtalabFNSPT16"	"Three Strategies to Success: Learning Adversary Models in Security Games."	"IJCAI"	"2016"	"http://www.ijcai.org/Abstract/16/051"	""
"conf/ijcai/RosenfeldK17"	"When Security Games Hit Traffic: Optimal Traffic Enforcement Under One Sided Uncertainty."	"IJCAI"	"2017"	"https://doi.org/10.24963/ijcai.2017/533"	""
"conf/ijcai/MayerSCK17"	"Towards a Linked Information Architecture for Integrated Law Enforcement."	"LINKDEM@IJCAI"	"2017"	"http://ceur-ws.org/Vol-1897/paper1.pdf"	""
"conf/ijcai/JiangI07"	"A Model for Collective Strategy Diffusion in Agent Social Law Evolution."	"IJCAI"	"2007"	"http://ijcai.org/Proceedings/07/Papers/218.pdf"	""
"conf/ijcai/Brafman15"	"A Privacy Preserving Algorithm for Multi-Agent Planning and Search."	"IJCAI"	"2015"	"http://ijcai.org/Abstract/15/219"	""
"conf/ijcai/BelahceneLMMO17"	"A Model for Accountable Ordinal Sorting."	"IJCAI"	"2017"	"https://doi.org/10.24963/ijcai.2017/113"	""
"conf/ijcai/BrysonK11"	"Just an Artifact: Why Machines Are Perceived as Moral Agents."	"IJCAI"	"2011"	"https://doi.org/10.5591/978-1-57735-516-8/IJCAI11-276"	""
"conf/ijcai/ChopraW07"	"Privacy and Artificial Agents, or, Is Google Reading My Email?"	"IJCAI"	"2007"	"http://ijcai.org/Proceedings/07/Papers/201.pdf"	""
"conf/ijcai/GuoABK17"	"Comparing Strategic Secrecy and Stackelberg Commitment in Security Games."	"IJCAI"	"2017"	"https://doi.org/10.24963/ijcai.2017/516"	""
"conf/ijcai/QiaoYBLT17"	"Improving Stochastic Block Models by Incorporating Power-Law Degree Characteristic."	"IJCAI"	"2017"	"https://doi.org/10.24963/ijcai.2017/365"	""
"conf/ijcai/JiangPQST13"	"Defender (Mis)coordination in Security Games."	"IJCAI"	"2013"	"http://www.aaai.org/ocs/index.php/IJCAI/IJCAI13/paper/view/6748"	""
"conf/ijcai/IrissappaneZOD15"	"Secure Routing in Wireless Sensor Networks via POMDPs."	"IJCAI"	"2015"	""	""
"conf/ijcai/Sanders95"	"Within the Letter of the Law: Open-Textured Planning."	"IJCAI"	"1995"	"http://ijcai.org/Proceedings/95-1/Papers/054.pdf"	""
"conf/icmlc/LiaoLFLW16"	"A privacy-preserve method of creating file directory of cloud storage system."	"ICMLC"	"2016"	"https://doi.org/10.1109/ICMLC.2016.7860896"	""
"conf/icmlc/LaiSLFLHF13"	"A survey of secure fingerprinting localization in wireless local area networks."	"ICMLC"	"2013"	"https://doi.org/10.1109/ICMLC.2013.6890804"	""
"conf/icmlc/LiWXJ12"	"A secure access control protocol of RFID tags based on EPC C1G2."	"ICMLC"	"2012"	"https://doi.org/10.1109/ICMLC.2012.6358979"	""
"conf/icmlc/WangX13"	"An information system security dynamic assessment method using stochastic Petri net based on business flow."	"ICMLC"	"2013"	"https://doi.org/10.1109/ICMLC.2013.6890892"	""
"conf/icmlc/RenZZ11"	"The network information system security comprehensive evaluation method applied search."	"ICMLC"	"2011"	"https://doi.org/10.1109/ICMLC.2011.6016924"	""
"conf/icmlc/WeiL10"	"Information security risk assessment model base on FSA and AHP."	"ICMLC"	"2010"	"https://doi.org/10.1109/ICMLC.2010.5580644"	""
"conf/icmlc/JiWD12"	"Campus security evaluation based on TOPSIS method."	"ICMLC"	"2012"	"https://doi.org/10.1109/ICMLC.2012.6358999"	""
"conf/icmlc/LiuTW10"	"Formal security analysis of automated trust negotiation."	"ICMLC"	"2010"	"https://doi.org/10.1109/ICMLC.2010.5580592"	""
"conf/icmlc/LinL14"	"A novel intelligent neural guidance law design by using adjoint method."	"ICMLC"	"2014"	"https://doi.org/10.1109/ICMLC.2014.7009133"	""
"conf/icmlc/LuZLW10"	"Protecting Privacy in case based reasoning by disordered PCA on one class data."	"ICMLC"	"2010"	"https://doi.org/10.1109/ICMLC.2010.5581006"	""
"conf/icmlc/WeiJLCT12"	"Android privacy."	"ICMLC"	"2012"	"https://doi.org/10.1109/ICMLC.2012.6359654"	""
"conf/icmlc/FangLL11"	"An encryption-based approach for protecting privacy in network-based location systems."	"ICMLC"	"2011"	"https://doi.org/10.1109/ICMLC.2011.6016714"	""
"conf/icmlc/LiuGC16"	"Nature and biology inspired approach of classification towards reduction of bias in machine learning."	"ICMLC"	"2016"	"https://doi.org/10.1109/ICMLC.2016.7872953"	""
"conf/icmlc/LiaoZWLQX13"	"Security and efficient data dissemination over wireless sensor network with raptor codes."	"ICMLC"	"2013"	"https://doi.org/10.1109/ICMLC.2013.6890856"	""
"conf/icmlc/LuZY14"	"The design of the secure transmission and authorization management system based on RBAC."	"ICMLC"	"2014"	"https://doi.org/10.1109/ICMLC.2014.7009100"	""
"conf/icmlc/JiangFY16"	"Enabling public and privacy-preserving auditability for cloud storage."	"ICMLC"	"2016"	"https://doi.org/10.1109/ICMLC.2016.7860872"	""
"conf/icmlc/ZhaoL12"	"Interval valued fuzzy rough classifier and its application on privacy protection."	"ICMLC"	"2012"	"https://doi.org/10.1109/ICMLC.2012.6358921"	""
"conf/icmlc/FuW10"	"Research on trust evaluation of secure bootstrap in trusted computing based on fuzzy set theory."	"ICMLC"	"2010"	"https://doi.org/10.1109/ICMLC.2010.5580543"	""
"conf/icmlc/HuoYZ12"	"Formalized security model of identity-based multi-proxy signature."	"ICMLC"	"2012"	"https://doi.org/10.1109/ICMLC.2012.6358990"	""
"conf/icmlc/YangYY10"	"A discuss of computer security strategy models."	"ICMLC"	"2010"	"https://doi.org/10.1109/ICMLC.2010.5580588"	""
